"Package","Version"
"abind","1.4-8"
"backports","1.5.1"
"base","4.5.3"
"base64enc","0.1-6"
"boot","1.3-32"
"broom","1.0.13"
"car","3.1-5"
"carData","3.0-6"
"cli","3.6.6"
"colorspace","2.1-3"
"compiler","4.5.3"
"corrplot","0.95"
"cowplot","1.2.0"
"cpp11","0.5.5"
"datasets","4.5.3"
"Deriv","4.3.5"
"distutils","1.0"
"doBy","4.7.2"
"dplyr","1.2.1"
"ElPiGraph.R","1.0.0"
"farver","2.1.2"
"forecast","9.0.2"
"Formula","1.2-6"
"fracdiff","1.5-4"
"generics","0.1.4"
"GenSA","1.1.15"
"ggforce","0.5.0"
"ggplot2","4.0.3"
"ggpubr","1.0.0"
"ggrepel","0.9.8"
"ggsci","5.2.0"
"ggsignif","0.6.4"
"glue","1.8.1"
"graphics","4.5.3"
"grDevices","4.5.3"
"grid","4.5.3"
"gridExtra","2.3.1"
"gtable","0.3.6"
"infotheo","1.2.0.1"
"irlba","2.4.1"
"isoband","0.3.0"
"jsonlite","2.0.0"
"labeling","0.4.3"
"lattice","0.23-1"
"lifecycle","1.0.5"
"lme4","2.0-6"
"lmtest","0.9-40"
"magrittr","2.0.5"
"MASS","7.3-66"
"Matrix","1.7-6"
"MatrixModels","0.5-4"
"methods","4.5.3"
"mgcv","1.9-4"
"minqa","1.2.8"
"modelr","0.1.11"
"nlme","3.1-171"
"nloptr","2.2.1"
"nnet","7.3-21"
"numDeriv","2016.8-1.1"
"parallel","4.5.3"
"pbkrtest","0.5.5"
"pillar","1.11.1"
"pkgconfig","2.0.3"
"polyclip","1.10-7"
"polynom","1.4-1"
"purrr","1.2.2"
"quantreg","6.1"
"R6","2.6.1"
"rbibutils","2.4.1"
"RColorBrewer","1.1-3"
"Rcpp","1.1.2"
"RcppArmadillo","15.6.0-1"
"RcppEigen","0.3.4.0.2"
"Rdpack","2.6.6"
"reformulas","0.4.4"
"remotes","2.5.0"
"rlang","1.3.0"
"rstatix","1.1.0"
"S7","0.2.2"
"scales","1.4.0"
"segmented","2.2-2"
"SparseM","1.84-2"
"splines","4.5.3"
"stats","4.5.3"
"stats4","4.5.3"
"stringi","1.8.9"
"stringr","1.6.0"
"survival","3.8-12"
"systemfonts","1.3.2"
"tcltk","4.5.3"
"tibble","3.3.1"
"tictoc","1.2.1"
"tidyr","1.3.2"
"tidyselect","1.2.1"
"timeDate","4052.112"
"tools","4.5.3"
"tweenr","2.0.3"
"urca","1.3-4"
"utf8","1.2.6"
"utils","4.5.3"
"vctrs","0.7.3"
"viridisLite","0.4.3"
"withr","3.0.3"
"zoo","1.9-1"
